number,value,model,cv_std,n_features,h_age_bins,h_age_impute,h_deck,h_family,h_fare_log,h_ticket_group,h_title,lgbm_colsample,lgbm_learning_rate,lgbm_min_child_samples,lgbm_n_estimators,lgbm_num_leaves,lgbm_reg_lambda,lgbm_subsample,hgb_l2,hgb_learning_rate,hgb_max_iter,hgb_max_leaf_nodes,hgb_min_samples_leaf,logreg_C,rf_max_depth,rf_max_features,rf_min_samples_leaf,rf_n_estimators,svc_C,svc_gamma
0,0.8372669637813068,lgbm,0.01936511660016621,17,True,median,False,False,True,True,True,0.7824279936868144,0.10486361783805698,15.0,150.0,8.0,1.382623217936987,0.7465447373174767,,,,,,,,,,,,
1,0.8305159751428034,lgbm,0.02695879999708411,16,False,median,False,False,False,True,True,0.9878338511058234,0.04651903184482423,24.0,275.0,19.0,1.2604664585649468,0.6739417822102108,,,,,,,,,,,,
2,0.8215491808423827,lgbm,0.02182719971826486,22,False,title_pclass,True,True,False,True,False,0.9085081386743783,0.020301330868858616,30.0,100.0,27.0,0.0019777828512462727,0.8916028672163949,,,,,,,,,,,,
3,0.8226633607432051,hgb,0.020451451021804692,11,False,title_pclass,False,False,False,True,False,,,,,,,,0.15207297997231803,0.0636586244779324,50.0,7.0,6.0,,,,,,,
4,0.8203941999874459,hgb,0.025405191613996927,24,False,title_pclass,True,False,False,False,True,,,,,,,,0.013662775841358913,0.22642018495527916,150.0,7.0,13.0,,,,,,,
5,0.7879009478375495,logreg,0.01794077519682938,19,True,title_pclass,False,True,False,True,True,,,,,,,,,,,,,0.0015290959455830375,,,,,,
6,0.8159155106396334,hgb,0.029287327636102433,14,True,title_pclass,False,True,False,True,False,,,,,,,,0.09004606022643072,0.19205338201562322,150.0,9.0,6.0,,,,,,,
7,0.8187496076831335,hgb,0.0216845737098474,10,False,median,False,False,False,False,False,,,,,,,,0.14638860976621423,0.03850085383437248,75.0,30.0,37.0,,,,,,,
8,0.8333281024417802,lgbm,0.018675571182103567,17,False,title_pclass,False,True,True,False,True,0.8598531596188859,0.13759978419462543,16.0,125.0,10.0,2.4939838794891496,0.8985965620472096,,,,,,,,,,,,
9,0.8187433306132696,rf,0.018279436386584146,12,False,median,False,True,False,False,False,,,,,,,,,,,,,,12.0,sqrt,10.0,150.0,,
10,0.8108687464691482,hgb,0.030730704628951486,12,True,median,False,False,False,True,False,,,,,,,,0.006272717891973826,0.21522900427386807,325.0,24.0,30.0,,,,,,,
11,0.8305285292825311,rf,0.019230313718561078,19,True,title_pclass,False,True,True,True,True,,,,,,,,,,,,,,8.0,0.5,1.0,200.0,,
12,0.822104701525328,logreg,0.010749383174339735,17,True,median,False,False,True,True,True,,,,,,,,,,,,,65.04921701204668,,,,,,
13,0.8193145439708743,lgbm,0.01687899300946127,20,False,title_pclass,True,False,False,True,False,0.78966953163493,0.02265339516334892,35.0,75.0,5.0,0.002462275493122659,0.8814631437520095,,,,,,,,,,,,
14,0.8013370158809868,svc,0.021861966504759068,22,True,median,True,True,True,False,False,,,,,,,,,,,,,,,,,,2.0039953593612148,0.014605276344629997
15,0.8305222522126672,lgbm,0.015470560735614923,17,False,median,False,True,True,False,True,0.8016646769269108,0.08188741639905446,17.0,125.0,5.0,3.4797229359388253,0.7710533922985853,,,,,,,,,,,,
16,0.820952859205323,lgbm,0.02409801702389489,26,False,title_pclass,True,True,True,False,True,0.9205368234137101,0.1773465959760032,11.0,150.0,12.0,0.12025930662588755,0.9793009827175454,,,,,,,,,,,,
17,0.815928064779361,lgbm,0.026224015241793512,26,True,median,True,False,True,True,True,0.7402429806199391,0.20258534923865706,18.0,125.0,17.0,0.19536217114837226,0.9285537273327569,,,,,,,,,,,,
18,0.8282687841315675,lgbm,0.028151836254863467,12,False,title_pclass,False,True,True,False,False,0.8313107415300626,0.08093740275871923,12.0,225.0,10.0,0.09136035068546468,0.7013424249984065,,,,,,,,,,,,
19,0.8389398029000062,lgbm,0.024602310700632003,16,True,median,False,False,True,False,True,0.7441729444160553,0.10445778818037697,20.0,275.0,11.0,3.975892460080879,0.8893698898453795,,,,,,,,,,,,
20,0.8299635929947901,lgbm,0.020119649355339077,12,True,median,False,False,True,True,False,0.6503626889390033,0.09468316810611695,17.0,225.0,5.0,4.752373506367564,0.943838098111459,,,,,,,,,,,,
21,0.616163454899253,svc,0.002324923639127706,16,True,median,False,False,True,False,True,,,,,,,,,,,,,,,,,,0.030353680150148894,0.38258384022881486
22,0.8215491808423827,lgbm,0.02955215826268686,16,True,median,False,False,False,False,True,0.723964209363749,0.08515085262046371,28.0,350.0,14.0,0.6845831177984705,0.9029635974044474,,,,,,,,,,,,
23,0.8316364321134893,svc,0.014570857232955222,17,False,title_pclass,False,True,True,False,True,,,,,,,,,,,,,,,,,,66.62396898893638,0.0016819996589412711
24,0.8316395706484213,lgbm,0.022069556575547104,16,False,title_pclass,False,False,True,True,True,0.8410795568536065,0.20286522878086638,12.0,125.0,13.0,7.324223479236998,0.8883384159590809,,,,,,,,,,,,
25,0.8333312409767121,lgbm,0.018979788593912025,16,True,median,False,False,True,False,True,0.7160227540645203,0.06682746197558898,12.0,225.0,4.0,1.0384424834354582,0.798626243295076,,,,,,,,,,,,
26,0.8321982298662984,lgbm,0.02395205684813341,16,True,median,False,False,True,False,True,0.7381259017093607,0.08690849025957063,16.0,275.0,8.0,1.0121198374046094,0.7868138379426556,,,,,,,,,,,,
27,0.8232220199610822,rf,0.01680970273721534,11,True,median,False,False,True,False,False,,,,,,,,,,,,,,4.0,,3.0,400.0,,
28,0.8305191136777351,lgbm,0.01993096207648455,25,True,title_pclass,True,False,True,False,True,0.7351920309177357,0.03364211242201864,6.0,225.0,6.0,0.6429641083232717,0.7387962662592683,,,,,,,,,,,,
29,0.8305191136777352,rf,0.016108916926249963,16,False,median,False,False,True,True,True,,,,,,,,,,,,,,12.0,0.5,8.0,350.0,,
30,0.8260310087251271,hgb,0.015146993596266266,19,True,median,False,True,True,True,True,,,,,,,,0.005516896529067262,0.030240502995948035,225.0,5.0,40.0,,,,,,,
31,0.8305191136777352,lgbm,0.015289066167167256,17,False,title_pclass,False,True,False,False,True,0.7717145678459972,0.0832886858760783,23.0,175.0,16.0,6.315916220618715,0.842305050294461,,,,,,,,,,,,
32,0.8361213985311657,lgbm,0.024421146823905136,18,True,title_pclass,False,True,True,False,True,0.9054222773156397,0.10936552998725464,11.0,175.0,10.0,1.8184609901494553,0.9201522415600669,,,,,,,,,,,,
33,0.8198512334442283,logreg,0.013336369126098287,25,True,median,True,False,True,False,True,,,,,,,,,,,,,0.2228214181993896,,,,,,
34,0.8142363944510702,hgb,0.01653053447632369,18,True,title_pclass,False,True,True,False,True,,,,,,,,0.00020468218363805613,0.05433014137156137,275.0,29.0,9.0,,,,,,,
35,0.8299604544598582,lgbm,0.017622714619036577,18,True,title_pclass,False,True,True,False,True,0.6132178979830307,0.09101812235077754,16.0,125.0,12.0,1.2129354938435473,0.7771836796920872,,,,,,,,,,,,
36,0.8265833908731404,lgbm,0.024230214128318165,13,True,median,False,True,True,False,False,0.8729675607186602,0.13398700507252376,6.0,200.0,8.0,4.149132763260591,0.9547571946033309,,,,,,,,,,,,
37,0.822666499278137,lgbm,0.019279710215757043,11,True,title_pclass,False,False,True,False,False,0.6142221727370901,0.05247084403682805,11.0,175.0,4.0,5.3079152782062895,0.7655820294309262,,,,,,,,,,,,
38,0.8366988889586342,lgbm,0.017627357013019162,17,True,median,False,False,True,True,True,0.6665911670276746,0.06499623928183668,18.0,300.0,10.0,3.758069787795147,0.8080736692586984,,,,,,,,,,,,
39,0.8366926118887704,lgbm,0.01460007218103248,17,True,median,False,False,True,True,True,0.7820431211361772,0.11200359858255068,14.0,300.0,5.0,6.546151774682914,0.8091929567744227,,,,,,,,,,,,
40,0.8400508442658966,lgbm,0.020227038532464894,17,True,median,False,False,True,True,True,0.7254932427422417,0.0702704904162428,16.0,275.0,9.0,6.331334557023251,0.8304730105940871,,,,,,,,,,,,
41,0.8327600276191074,lgbm,0.021220512712694473,17,True,median,False,False,True,True,True,0.7684515276871777,0.13492797921628594,14.0,325.0,8.0,9.385269808236195,0.7722367098967334,,,,,,,,,,,,
42,0.8372418555018518,lgbm,0.020222863364513465,17,True,median,False,False,False,True,True,0.6757918407232381,0.07763362283661736,21.0,250.0,6.0,1.7052823350882016,0.8140470391929304,,,,,,,,,,,,
43,0.8277132634486222,lgbm,0.027214537360587102,17,True,title_pclass,False,False,False,True,True,0.6942950842427342,0.12738872744008736,15.0,300.0,12.0,3.4070948615638788,0.8609110471094337,,,,,,,,,,,,
44,0.8209779674847782,rf,0.015679600353602767,17,True,median,False,False,False,True,True,,,,,,,,,,,,,,4.0,,10.0,250.0,,
45,0.8338804845897935,lgbm,0.018415940156252277,17,True,median,False,False,False,True,True,0.7183743357393335,0.06932771908025492,21.0,325.0,10.0,2.9404963823537185,0.8310999181379646,,,,,,,,,,,,
46,0.8249168288243048,lgbm,0.02457177118151019,11,False,median,False,False,False,True,False,0.6946355329536408,0.051081140584615915,23.0,200.0,6.0,3.2556848913955503,0.7966750299537269,,,,,,,,,,,,
47,0.8366863348189065,lgbm,0.022189438639067072,19,True,median,False,True,False,True,True,0.6696425656220806,0.10214841422252863,25.0,250.0,9.0,2.1215083178680785,0.8620311128197329,,,,,,,,,,,,
48,0.7895549557466575,svc,0.02430987195591731,17,True,median,False,False,True,True,True,,,,,,,,,,,,,,,,,,41.265245836814636,0.21525074836142555
49,0.616163454899253,svc,0.002324923639127706,26,True,median,True,False,False,True,True,,,,,,,,,,,,,,,,,,0.015363532383244423,0.001254055068116301
50,0.8254660724373861,lgbm,0.026926775062957705,19,True,median,False,True,True,True,True,0.7899795934709573,0.07700554792760636,18.0,300.0,11.0,1.0637819182655377,0.872175668099044,,,,,,,,,,,,
51,0.8366957504237021,lgbm,0.020010683413806712,16,False,median,False,False,True,True,True,0.6687990236838146,0.0602752066847628,19.0,275.0,8.0,0.4445844308744942,0.832810263790695,,,,,,,,,,,,
52,0.8288368589542401,lgbm,0.018711297752249955,16,False,median,False,False,True,True,True,0.6745268899849945,0.046508795781485535,19.0,225.0,6.0,0.7879163004161093,0.8773018985864057,,,,,,,,,,,,
53,0.8305222522126672,hgb,0.021157629390240327,17,True,title_pclass,False,False,True,True,True,,,,,,,,0.0007541075023787439,0.1523249026161313,50.0,30.0,23.0,,,,,,,
54,0.8389366643650742,lgbm,0.018513960849628395,16,False,median,False,False,False,True,True,0.6548410060096223,0.07648812309040334,21.0,275.0,9.0,0.4021217609596633,0.817053974490148,,,,,,,,,,,,
55,0.8226633607432051,logreg,0.014557613445496019,16,False,median,False,False,False,True,True,,,,,,,,,,,,,67.0670135844496,,,,,,
56,0.8394890465130878,lgbm,0.019762493929604687,16,False,median,False,False,False,True,True,0.7051664152294362,0.07235962891235229,20.0,250.0,11.0,8.381034044662108,0.7415097145566484,,,,,,,,,,,,
57,0.8226696378130688,lgbm,0.011301745755178838,16,False,median,False,False,False,True,True,0.7051049954435604,0.052387061440446914,16.0,225.0,7.0,8.27605921043856,0.8456736753844147,,,,,,,,,,,,
58,0.8232188814261502,rf,0.01626851460850427,15,False,median,False,False,False,False,True,,,,,,,,,,,,,,8.0,sqrt,6.0,300.0,,
59,0.8294049337769129,rf,0.014661233510209344,16,False,title_pclass,False,False,False,True,True,,,,,,,,,,,,,,11.0,,2.0,400.0,,
60,0.8147981922038792,svc,0.018091302958808814,16,False,median,False,False,False,True,True,,,,,,,,,,,,,,,,,,0.17182857240879068,0.018468419476178007
61,0.8310746343606805,lgbm,0.030352501964794627,25,False,median,True,False,False,True,True,0.7146230966447529,0.08961107277134009,23.0,225.0,12.0,1.5643213968529368,0.7608118943940332,,,,,,,,,,,,
62,0.8310777728956124,hgb,0.019119313898515636,17,True,median,False,False,True,True,True,,,,,,,,6.8579805631587725,0.021139060174693088,225.0,17.0,21.0,,,,,,,
63,0.8136808737681249,hgb,0.02401946947946207,15,False,median,False,False,True,False,True,,,,,,,,1.2996506885990013,0.18263909673403345,250.0,27.0,27.0,,,,,,,
64,0.831087188500408,hgb,0.02347853822492116,16,False,median,False,False,False,True,True,,,,,,,,0.0001377577551907838,0.02166834328042697,375.0,31.0,35.0,,,,,,,
65,0.8372481325717155,lgbm,0.015604833555846439,18,False,median,False,True,False,True,True,0.6466580873812738,0.07347934526215925,20.0,250.0,10.0,4.191628761884185,0.7702912724623866,,,,,,,,,,,,
66,0.835019772770071,lgbm,0.01722013872140883,18,False,median,False,True,False,True,True,0.7195715860130618,0.08041096926257142,19.0,200.0,8.0,8.870262203420802,0.8041782384563038,,,,,,,,,,,,
67,0.8288399974891721,rf,0.01727229761115596,18,False,median,False,True,False,True,True,,,,,,,,,,,,,,10.0,,4.0,100.0,,
68,0.616163454899253,svc,0.002324923639127706,18,False,median,False,True,True,True,True,,,,,,,,,,,,,,,,,,0.01228699234091879,0.04614286238891926
69,0.8344328667378068,lgbm,0.022227959025945654,27,False,median,True,True,False,True,True,0.712840715424193,0.0791704911866215,14.0,250.0,9.0,8.598576959141402,0.9031515966666523,,,,,,,,,,,,
70,0.8378162073943883,lgbm,0.019391850232037686,15,False,median,False,False,False,False,True,0.6830305539167483,0.07322304973227454,16.0,250.0,11.0,4.050971903173069,0.7414540558582067,,,,,,,,,,,,
71,0.8333312409767121,lgbm,0.015501549062797763,15,False,median,False,False,False,False,True,0.6860257798333091,0.06502431396962442,20.0,200.0,12.0,9.352970439516467,0.731281950827428,,,,,,,,,,,,
72,0.822666499278137,rf,0.015973377973640807,16,True,median,False,False,True,False,True,,,,,,,,,,,,,,7.0,sqrt,8.0,100.0,,
73,0.8361276756010294,lgbm,0.017978360100190213,10,False,median,False,False,False,False,False,0.7107708739234869,0.05176769520919311,16.0,275.0,12.0,7.6767053173798425,0.7622903653795511,,,,,,,,,,,,
74,0.8327537505492437,lgbm,0.026184636492195695,17,False,median,False,True,False,False,True,0.6869261977351275,0.1074851882199774,19.0,275.0,13.0,4.752624728465107,0.7947378818596518,,,,,,,,,,,,
75,0.790694243926935,logreg,0.01899656156476223,17,True,median,False,False,False,True,True,,,,,,,,,,,,,0.0014109764582547792,,,,,,
76,0.8293829640323898,hgb,0.021030398702164273,24,False,median,True,False,False,False,True,,,,,,,,0.0001515330321424007,0.051770727180611986,175.0,11.0,19.0,,,,,,,
77,0.8103226413909986,hgb,0.021309474626638954,18,False,median,False,True,False,True,True,,,,,,,,0.3407189179642121,0.08650708317833784,200.0,27.0,6.0,,,,,,,
78,0.8322170610758898,lgbm,0.015470306045878169,16,False,title_pclass,False,False,False,True,True,0.660649051905071,0.06074292900817334,13.0,250.0,12.0,7.632340757302204,0.7601661916864695,,,,,,,,,,,,
79,0.8338899001945892,lgbm,0.019644752785145908,24,False,median,True,False,False,False,True,0.6463401118256763,0.09159095042837019,18.0,275.0,10.0,2.089848643959506,0.7660067068335543,,,,,,,,,,,,
80,0.8383842822170611,lgbm,0.01786798119993631,15,False,median,False,False,True,False,True,0.6696273351936941,0.06586600765590697,19.0,275.0,12.0,1.8974795262580215,0.7295581483566583,,,,,,,,,,,,
81,0.8243361998619045,lgbm,0.02871493961225274,12,True,median,False,False,False,True,False,0.6717399660590286,0.08568256896975039,22.0,275.0,12.0,0.2837928488674167,0.8060177560260244,,,,,,,,,,,,
82,0.8310934655702719,lgbm,0.01795328151512084,15,False,median,False,False,True,False,True,0.7027580020645434,0.061531466218063643,18.0,275.0,8.0,9.329302411761367,0.7382918946912951,,,,,,,,,,,,
83,0.8366863348189065,lgbm,0.018968715475519343,24,False,median,True,False,True,False,True,0.7295695573142039,0.08957425269908526,21.0,225.0,12.0,8.163935200483131,0.7567988489094699,,,,,,,,,,,,
84,0.832210784006026,lgbm,0.01672963036187852,18,False,title_pclass,False,True,False,True,True,0.6713320507160146,0.07518187657553159,25.0,250.0,13.0,3.6267647753639816,0.7399597914011431,,,,,,,,,,,,
85,0.8316489862532169,lgbm,0.023111865225022152,10,False,median,False,False,True,False,False,0.66797445917865,0.07210678117450366,15.0,250.0,10.0,1.7803249937295902,0.7048989381505566,,,,,,,,,,,,
86,0.8316458477182851,logreg,0.015113037741384516,15,False,title_pclass,False,False,False,False,True,,,,,,,,,,,,,0.3711981056496701,,,,,,
87,0.826034147260059,lgbm,0.015481171204433607,17,True,title_pclass,False,False,True,True,True,0.6435172505680317,0.05561788998869747,21.0,225.0,9.0,3.202446748318731,0.7513401768739648,,,,,,,,,,,,
88,0.8237806791789593,logreg,0.011736845441301453,15,False,median,False,False,True,False,True,,,,,,,,,,,,,0.5358995881645455,,,,,,
89,0.8355658778482205,lgbm,0.02282756720310653,25,True,median,True,False,True,False,True,0.7004379460954281,0.07476379345477382,21.0,275.0,8.0,2.815638452707829,0.7280680754660693,,,,,,,,,,,,
90,0.8327537505492437,lgbm,0.019071081219112166,27,True,median,True,True,False,False,True,0.69667946806005,0.07048881913720081,14.0,275.0,11.0,8.021277614257553,0.8226265301999083,,,,,,,,,,,,
91,0.8355721549180842,lgbm,0.02073321497163464,13,False,median,False,True,False,True,False,0.6624306178666713,0.05697380632136602,22.0,225.0,8.0,2.0537082483330713,0.8284219120371208,,,,,,,,,,,,
92,0.8316395706484212,lgbm,0.02137216950939557,21,True,median,True,False,True,True,False,0.6801442655768893,0.09356554764102057,24.0,250.0,7.0,0.8449237652198494,0.8218257112969907,,,,,,,,,,,,
93,0.8176071809679242,rf,0.011494146233753917,17,True,median,False,False,True,True,True,,,,,,,,,,,,,,3.0,0.5,9.0,400.0,,
94,0.8372544096415793,lgbm,0.01980751849019836,15,False,title_pclass,False,False,False,False,True,0.6538825845454461,0.07711312313125371,21.0,300.0,14.0,3.544057625496244,0.7121273185871124,,,,,,,,,,,,
95,0.832772581758835,lgbm,0.017128269648707797,15,False,title_pclass,False,False,False,False,True,0.65517340499922,0.06786122929041694,23.0,275.0,13.0,5.356640866730534,0.6834361950003255,,,,,,,,,,,,
96,0.8310746343606805,lgbm,0.018805760061229995,16,True,title_pclass,False,False,False,False,True,0.680526522334636,0.06466278217317445,19.0,275.0,14.0,2.7055245973116535,0.7387327462134421,,,,,,,,,,,,
97,0.8030224091394137,svc,0.022861298066408065,15,False,median,False,False,False,False,True,,,,,,,,,,,,,,,,,,1.970375209258544,0.0020357957049068273
98,0.8338773460548616,lgbm,0.018939215927772566,15,False,title_pclass,False,False,True,False,True,0.7250211788292993,0.0703783539076071,17.0,275.0,12.0,3.7446760090225553,0.7038302680965459,,,,,,,,,,,,
99,0.8366957504237023,lgbm,0.016172696004706777,16,False,median,False,False,False,True,True,0.6654784333266425,0.07710891955821596,20.0,225.0,8.0,6.55773567280083,0.7501752548379194,,,,,,,,,,,,
100,0.8148327160881301,svc,0.020056317763176373,10,False,title_pclass,False,False,False,False,False,,,,,,,,,,,,,,,,,,1.2039236652017902,0.49925848796912714
101,0.8361245370660976,lgbm,0.02124022709178714,18,True,median,False,True,True,False,True,0.6431422667354508,0.09184810079316993,20.0,275.0,13.0,7.189772685109006,0.7247505379591942,,,,,,,,,,,,
102,0.8277226790534179,lgbm,0.01926430823713215,17,True,median,False,False,True,True,True,0.6656134591367325,0.0684461841719767,19.0,300.0,5.0,4.4673792056557975,0.7952848967562535,,,,,,,,,,,,
103,0.828278199736363,hgb,0.017432945309887708,15,False,title_pclass,False,False,False,False,True,,,,,,,,0.012867662647802803,0.0814571824799945,50.0,13.0,34.0,,,,,,,
104,0.8394921850480197,lgbm,0.02051951696240525,17,True,median,False,False,False,True,True,0.7171054092266685,0.05820782965767435,18.0,275.0,12.0,4.162742925069754,0.7984208668150339,,,,,,,,,,,,
105,0.8338742075199297,lgbm,0.02117000067925121,26,True,median,True,False,False,True,True,0.7111576265254788,0.07234144920992237,21.0,225.0,12.0,3.7234647676737116,0.7289243058589966,,,,,,,,,,,,
106,0.8372512711066473,lgbm,0.020921711387039833,17,True,median,False,False,False,True,True,0.7192456821022921,0.06592633574512116,18.0,250.0,12.0,3.3015589382191766,0.7897370605856325,,,,,,,,,,,,
107,0.8249011361496453,rf,0.012176706608124574,16,False,median,False,False,False,True,True,,,,,,,,,,,,,,4.0,sqrt,3.0,100.0,,
108,0.8293955181721172,svc,0.01391251894348612,17,True,median,False,False,False,True,True,,,,,,,,,,,,,,,,,,13.116997565437783,0.010140063033403547
109,0.8378162073943882,lgbm,0.020484072073900707,18,False,median,False,True,True,True,True,0.7370978316127698,0.061447465882384394,19.0,300.0,12.0,7.399928884310418,0.8026547994919611,,,,,,,,,,,,
110,0.8406126420187056,lgbm,0.017015984446482738,18,False,median,False,True,True,True,True,0.6964902808112425,0.06419957003763324,17.0,275.0,12.0,4.128214651716286,0.782215496860042,,,,,,,,,,,,
111,0.8394984621178834,lgbm,0.019352484560185745,18,False,median,False,True,True,True,True,0.7101234364042485,0.07614956535427209,19.0,275.0,12.0,9.50275301210475,0.7777844166415351,,,,,,,,,,,,
112,0.8372512711066475,lgbm,0.0198376326020526,18,False,median,False,True,True,True,True,0.6789219140561948,0.09576879232496945,17.0,250.0,10.0,4.04625756647921,0.7244639830803405,,,,,,,,,,,,
113,0.8305191136777352,rf,0.018829070035171914,18,False,median,False,True,True,True,True,,,,,,,,,,,,,,5.0,0.5,5.0,300.0,,
114,0.8277195405184858,logreg,0.01591312607807099,18,False,median,False,True,True,True,True,,,,,,,,,,,,,0.019516575857865755,,,,,,
115,0.8395016006528152,lgbm,0.015751792480252696,18,False,median,False,True,True,True,True,0.7327596881463075,0.059635085863974584,15.0,300.0,12.0,5.918612823909481,0.8000814223917871,,,,,,,,,,,,
116,0.8378193459293202,lgbm,0.01692345764549239,18,False,median,False,True,True,True,True,0.7681998134088163,0.05502612986729405,18.0,275.0,12.0,7.67381812445643,0.8089200578517503,,,,,,,,,,,,
117,0.8299541773899943,lgbm,0.024022072452685877,13,False,median,False,True,True,True,False,0.7614434538660121,0.06429467692541857,17.0,300.0,13.0,7.159393404333213,0.8371204326096296,,,,,,,,,,,,
118,0.8299447617851987,hgb,0.026595364447939748,18,False,median,False,True,True,True,True,,,,,,,,0.011219042270693175,0.039571586004937584,300.0,9.0,10.0,,,,,,,
119,0.8372512711066473,lgbm,0.021672601829724466,18,False,median,False,True,True,True,True,0.7052535837004706,0.07833284432813876,18.0,275.0,14.0,6.150515998009448,0.7597744801259684,,,,,,,,,,,,
